City_ID,City,Lat,Lng,Max Temp,Humidity,Cloudiness,Wind Speed,Country,Date
0,tolanaro,-25.0319,46.9987,291.19,94,20,2.06,MG,1687894608
1,tiksi,71.6872,128.8694,282.35,64,99,4.15,RU,1687894608
2,waitangi,-43.9535,-176.5597,284.72,94,100,4.92,NZ,1687894608
3,west island,-12.1568,96.8225,299.14,78,40,6.17,CC,1687894608
4,ephrata,40.1798,-76.1788,299.96,83,40,3.6,US,1687894609
5,rengo,-34.4167,-70.8667,288.33,70,83,2.18,CL,1687894609
6,poxoreo,-15.8372,-54.3892,303.77,27,0,2.86,BR,1687894609
7,minas de marcona,-15.2119,-75.1103,290.41,58,0,5.49,PE,1687894610
8,svetlyy,54.675,20.1347,287.57,85,69,7.75,RU,1687894610
9,iqaluit,63.7506,-68.5145,280.0,70,75,5.14,CA,1687894611
10,adamstown,-25.066,-130.1015,294.4,77,85,12.35,PN,1687894611
11,alausi,-2.2,-78.8333,286.96,75,83,1.49,EC,1687894611
12,college,64.8569,-147.8028,292.85,53,75,4.63,US,1687894611
13,labrador city,52.9463,-66.9114,288.1,82,100,4.12,CA,1687894612
14,kataba,13.9833,44.3833,295.29,55,89,1.59,YE,1687894612
15,new plymouth,-39.0667,174.0833,283.6,90,4,1.52,NZ,1687894612
16,marsh harbour,26.5412,-77.0636,302.33,72,6,4.12,BS,1687894517
17,huarmey,-10.0681,-78.1522,296.54,68,11,5.72,PE,1687894613
18,puerto colombia,10.9878,-74.9547,305.2,76,38,6.28,CO,1687894613
19,bengkulu,-3.8004,102.2655,297.39,91,100,2.78,ID,1687894613
20,bethel,41.3712,-73.414,298.35,78,100,2.06,US,1687894614
21,colonia,50.9333,6.95,294.79,60,100,1.45,DE,1687894409
22,avarua,-21.2078,-159.775,298.18,88,100,4.63,CK,1687894615
23,magole,-6.3667,37.3667,291.72,74,0,0.88,TZ,1687894615
24,ciudad lazaro cardenas,17.9583,-102.2,304.82,61,91,5.8,MX,1687894535
25,ushuaia,-54.8,-68.3,272.94,74,0,1.54,AR,1687894616
26,touros,-5.1989,-35.4608,299.6,75,31,5.84,BR,1687894616
27,aasiaat,68.7098,-52.8699,275.83,89,100,1.65,GL,1687894617
28,saint-joseph,-21.3667,55.6167,294.36,76,72,2.65,RE,1687894617
29,lompoc,34.6391,-120.4579,298.53,78,100,5.66,US,1687894617
30,tazovsky,67.4667,78.7,279.72,88,96,3.43,RU,1687894618
31,sal rei,16.1833,-22.9167,299.26,69,75,5.14,CV,1687894618
32,hithadhoo,-0.6,73.0833,301.21,69,36,2.31,MV,1687894619
33,lebu,-37.6167,-73.65,284.72,78,13,2.78,CL,1687894336
34,portland,45.5234,-122.6762,298.14,54,20,2.68,US,1687894037
35,praia da vitoria,38.7333,-27.0667,296.29,83,75,5.77,PT,1687894619
36,petropavlovsk-kamchatsky,53.0452,158.6483,286.48,100,75,2.0,RU,1687894620
37,georgetown,5.4112,100.3354,300.11,87,20,0.0,MY,1687894522
38,kodiak,57.79,-152.4072,281.88,93,100,7.2,US,1687894620
39,howrah,22.5892,88.3103,300.15,94,75,2.06,IN,1687894620
40,jacksonville,30.3322,-81.6556,309.85,53,75,6.17,US,1687894363
41,grytviken,-54.2811,-36.5092,268.6,74,100,3.35,GS,1687894621
42,puerto natales,-51.7236,-72.4875,273.4,100,100,1.54,CL,1687894621
43,blackmans bay,-43.0167,147.3167,279.22,89,92,4.15,AU,1687894621
44,talnakh,69.4865,88.3972,283.82,71,100,0.73,RU,1687894621
45,greymouth,-42.4667,171.2,281.6,92,51,2.72,NZ,1687894622
46,dudinka,69.4058,86.1778,284.05,64,5,3.07,RU,1687894622
47,el nido,11.1858,119.3956,300.15,85,100,5.52,PH,1687894623
48,badger,64.8,-147.5333,292.8,54,40,4.63,US,1687894623
49,at taj,24.2049,23.2857,303.5,22,0,6.99,LY,1687894623
50,margaret river,-33.95,115.0667,285.88,78,54,3.09,AU,1687894623
51,port-aux-francais,-49.35,70.2167,275.7,75,100,10.24,TF,1687894624
52,hsinchu,24.8036,120.9686,301.96,83,100,1.34,TW,1687894624
53,livingstonia,-10.606,34.1063,287.61,66,0,1.52,MW,1687894624
54,igarka,67.4667,86.5833,281.98,87,92,3.14,RU,1687894625
55,luderitz,-26.6481,15.1594,286.55,86,35,7.61,NA,1687894625
56,saint-affrique,43.9558,2.8892,291.44,77,43,2.21,FR,1687894625
57,awjilah,29.1081,21.2869,299.87,56,0,7.91,LY,1687894625
58,ust-nera,64.5667,143.2,291.99,65,95,2.64,RU,1687894626
59,haiku-pauwela,20.9219,-156.3051,299.84,81,40,7.2,US,1687894626
60,taco pozo,-25.6167,-63.2833,304.5,33,0,4.35,AR,1687894627
61,peterhead,57.5058,-1.7981,287.84,98,100,7.52,GB,1687894627
62,albany,42.6001,-73.9662,297.01,86,100,0.89,US,1687894627
63,shenjiamen,29.9576,122.298,297.28,94,4,8.7,CN,1687894627
64,utrik,11.2278,169.8474,301.07,82,100,9.31,MH,1687894628
65,susuman,62.7833,148.1667,288.25,78,89,2.14,RU,1687894628
66,vila franca do campo,37.7167,-25.4333,295.38,78,1,5.66,PT,1687894433
67,tadine,-21.55,167.8833,293.49,63,12,5.77,NC,1687894628
68,atafu village,-8.5421,-172.5159,301.8,77,58,6.86,TK,1687894629
69,besskorbnaya,44.6447,41.311,288.9,92,1,2.86,RU,1687894629
70,galliano,29.4422,-90.2992,309.82,52,0,6.17,US,1687894630
71,santa vitoria do palmar,-33.5189,-53.3681,285.41,95,100,3.83,BR,1687894630
72,roma,43.2128,-75.4557,300.22,64,20,4.12,US,1687894631
73,olonkinbyen,70.9221,-8.7187,280.38,91,0,5.29,SJ,1687894631
74,revelstoke,50.9832,-118.2023,301.16,36,100,1.03,CA,1687894631
75,tromso,69.6496,18.957,286.16,71,0,7.72,NO,1687894619
76,malango,-2.9627,119.9001,292.44,98,32,0.65,ID,1687894632
77,springfield,37.2153,-93.2982,301.99,55,61,1.79,US,1687894564
78,tralee,52.2704,-9.7026,290.34,95,100,2.87,IE,1687894632
79,thompson,55.7435,-97.8558,296.24,43,75,3.6,CA,1687894632
80,jamestown,42.097,-79.2353,293.95,83,100,5.14,US,1687894348
81,broken hill,-31.95,141.4333,283.6,98,100,3.09,AU,1687894633
82,greenville,35.6127,-77.3663,305.16,54,40,2.57,US,1687894471
83,ghat,24.9647,10.1728,306.87,13,2,1.83,LY,1687894634
84,kiunga,-6.1219,141.2906,296.08,99,98,1.18,PG,1687894634
85,hermanus,-34.4187,19.2345,288.04,90,100,1.53,ZA,1687894634
86,la ronge,55.1001,-105.2842,295.27,52,75,4.12,CA,1687894635
87,lihue,21.9789,-159.3672,300.92,64,20,6.69,US,1687894635
88,polyarnyy,69.1989,33.4478,284.46,77,51,1.16,RU,1687894635
89,upington,-28.4478,21.2561,283.36,66,29,1.54,ZA,1687894635
90,kapa'a,22.0752,-159.319,301.33,72,20,6.69,US,1687894636
91,moab,38.5733,-109.5498,307.93,7,0,10.04,US,1687894547
92,punta arenas,-53.15,-70.9167,274.21,93,100,7.2,CL,1687894636
93,port mathurin,-19.6833,63.4167,295.67,57,94,3.24,MU,1687894636
94,la passe,45.5549,-0.8967,297.28,75,49,4.31,FR,1687894637
95,sittwe,20.15,92.9,299.66,89,99,2.88,MM,1687894637
96,alice springs,-23.7,133.8833,286.9,100,100,0.51,AU,1687894638
97,vorgashor,67.5833,63.95,281.72,69,98,1.52,RU,1687894638
98,isafjordur,66.0755,-23.124,286.17,62,40,7.2,IS,1687894638
99,sinan,34.8262,126.1086,297.21,99,100,5.54,KR,1687894639
100,kapuskasing,49.4169,-82.4331,291.2,39,75,7.2,CA,1687894506
101,keflavik,64.0049,-22.5624,285.1,87,100,8.23,IS,1687894639
102,ribeira grande,38.5167,-28.7,296.37,73,20,9.83,PT,1687894640
103,pisco,-13.7,-76.2167,295.18,60,100,5.14,PE,1687894640
104,edinburgh of the seven seas,-37.0676,-12.3116,286.09,76,45,4.79,SH,1687894640
105,callao,-12.0667,-77.15,297.99,68,75,5.14,PE,1687894640
106,ta`u,-14.2336,-169.5144,300.53,74,84,6.54,AS,1687894641
107,den burg,53.0542,4.7972,290.35,82,100,3.09,NL,1687894641
108,ancud,-41.8697,-73.8203,282.85,85,44,7.61,CL,1687894641
109,gradistea,44.2333,27.2167,294.32,62,0,3.26,RO,1687894642
110,st. thomas,42.7736,-81.1804,292.46,85,89,9.04,CA,1687894642
111,stanley,54.868,-1.6985,289.16,92,40,2.06,GB,1687894642
112,arkhangel'sk,64.5401,40.5433,286.38,77,15,2.63,RU,1687894642
113,duong dong,10.2167,103.9667,302.15,89,40,1.03,VN,1687894643
114,hamilton,39.1834,-84.5333,298.21,70,100,6.17,US,1687894002
115,iskateley,67.6803,53.1512,279.57,91,100,3.77,RU,1687894643
116,beira,-19.8436,34.8389,295.2,83,40,1.03,MZ,1687894643
117,port macquarie,-31.4333,152.9167,286.8,57,100,1.7,AU,1687894612
118,jiexiu,37.0244,111.9125,295.6,84,100,1.16,CN,1687894356
119,jiangyou,31.7667,104.7167,296.33,97,100,2.84,CN,1687894644
120,lagoa,39.05,-27.9833,292.94,89,4,8.99,PT,1687894645
121,cove,7.221,2.3402,296.66,91,100,2.46,BJ,1687894645
122,papatowai,-46.5619,169.4708,283.91,96,100,4.7,NZ,1687894645
123,sitka,57.0531,-135.33,286.09,94,100,2.57,US,1687894645
124,juneau,58.3019,-134.4197,288.27,97,100,4.63,US,1687894373
125,hushitai,41.9322,123.5114,294.1,84,0,3.68,CN,1687894646
126,vorkuta,67.5,64.0,281.88,71,99,1.61,RU,1687894646
127,kaliua,-5.0606,31.7936,294.52,51,38,1.88,TZ,1687894646
128,cuajinicuilapa,16.4667,-98.4167,308.17,43,8,3.91,MX,1687894646
129,walla walla,46.0646,-118.343,300.66,49,75,6.17,US,1687894647
130,port elizabeth,-33.918,25.5701,289.87,82,40,10.29,ZA,1687894617
131,bardai,11.65,7.2333,301.61,51,92,3.54,NG,1687894647
132,fale old settlement,-9.3852,-171.2468,301.6,78,18,7.71,TK,1687894647
133,chonchi,-42.6128,-73.8092,284.88,85,22,2.91,CL,1687894648
134,qaisumah,28.3112,46.1273,309.13,13,0,2.57,SA,1687894648
135,mount pearl,47.5166,-52.7813,289.24,79,75,7.72,CA,1687894648
136,mustafakemalpasa,40.0353,28.4117,297.18,78,0,0.42,TR,1687894649
137,saint-pierre,-21.3393,55.4781,294.97,53,100,3.6,RE,1687894649
138,yellowknife,62.456,-114.3525,296.44,49,20,4.63,CA,1687894649
139,bardstown,37.8092,-85.4669,301.83,61,75,3.6,US,1687894484
140,mirabella imbaccari,37.3275,14.4463,297.64,48,0,0.45,IT,1687894650
141,cabo san lucas,22.8909,-109.9124,305.71,56,75,5.66,MX,1687894650
142,tongliao,43.6125,122.2653,293.57,76,0,2.78,CN,1687894650
143,pueblo,38.2545,-104.6091,309.73,19,0,7.72,US,1687894651
144,hawaiian paradise park,19.5933,-154.9731,297.06,95,100,2.57,US,1687894651
145,mugia,43.1041,-9.2179,291.99,81,23,10.38,ES,1687894651
146,anadyr,64.75,177.4833,282.43,87,75,5.0,RU,1687894652
147,antsiranana,-12.2787,49.2917,294.76,67,0,6.82,MG,1687894652
148,port saint john's,-31.6229,29.5448,291.05,86,100,6.83,ZA,1687894652
149,tsengel,49.4783,100.8894,278.3,89,6,0.95,MN,1687894652
150,puerto baquerizo moreno,-0.9,-89.6,300.7,69,75,5.66,EC,1687894653
151,constantia,44.1833,28.65,296.53,61,0,5.49,RO,1687894621
152,newman,37.3138,-121.0208,300.38,10,100,0.99,US,1687894653
153,mohr,54.3528,9.7167,290.23,68,20,6.17,DE,1687894654
154,benguela,-12.5763,13.4055,291.43,89,39,1.28,AO,1687894572
155,tahe,52.3333,124.7333,289.84,99,100,1.35,CN,1687894654
156,phan rang-thap cham,11.5667,108.9833,297.98,90,36,1.64,VN,1687894654
157,zalanga,10.6143,10.1765,299.39,61,88,2.29,NG,1687894655
158,nuuk,64.1835,-51.7216,280.49,81,100,14.92,GL,1687894655
159,faya-largeau,17.9257,19.1043,308.59,12,3,4.53,TD,1687894656
160,magadan,59.5667,150.8,284.79,87,59,0.33,RU,1687894656
161,nova sintra,14.8667,-24.7167,294.43,77,10,5.32,CV,1687894656
162,priladozhskiy,59.85,31.4833,291.22,1,85,2.34,RU,1687894657
163,djambala,-2.5447,14.7533,298.06,58,99,2.2,CG,1687894657
164,zeya,53.75,127.2667,291.39,88,100,1.55,RU,1687894658
165,cockburn town,21.4612,-71.1419,301.52,75,100,4.97,TC,1687894606
166,paciran,-6.8767,112.3761,297.32,85,60,3.66,ID,1687894658
167,qaqortoq,60.7167,-46.0333,282.53,61,100,2.99,GL,1687894658
168,mawlaik,23.6333,94.4167,298.09,98,91,0.24,MM,1687894659
169,priozersk,61.0393,30.1291,290.34,100,92,1.0,RU,1687894659
170,cartagena del chaira,1.3349,-74.8429,302.51,66,78,1.3,CO,1687894659
171,gandai,21.6667,81.1,297.86,93,100,5.62,IN,1687894660
172,nagqu,31.5,92.0,277.87,94,100,2.62,CN,1687894660
173,klyuchi,52.2667,79.1667,286.63,84,38,4.23,RU,1687894660
174,borba,-4.3878,-59.5939,303.95,55,97,0.79,BR,1687894660
175,puerto ayora,-0.7393,-90.3518,302.13,86,35,3.13,EC,1687894661
176,mantenopolis,-18.8625,-41.1228,295.51,62,63,1.85,BR,1687894661
177,nyurba,63.2842,118.3319,286.74,69,11,1.41,RU,1687894661
178,qulsary,46.9531,54.0198,298.05,28,100,5.81,KZ,1687894661
179,east london,-33.0153,27.9116,290.21,81,100,10.12,ZA,1687894662
180,malvan,16.0667,73.4667,300.51,81,100,5.31,IN,1687894662
181,ocean city,39.2776,-74.5746,301.29,77,86,5.78,US,1687894597
182,mikumi,-7.4041,36.9831,291.37,65,0,1.75,TZ,1687894663
183,bathsheba,13.2167,-59.5167,300.49,89,75,5.66,BB,1687894663
184,nizhneudinsk,54.9076,99.0276,280.25,83,0,1.23,RU,1687894663
185,enewetak,11.3474,162.3373,301.26,80,81,7.95,MH,1687894663
186,rio blanco,18.8333,-97.15,299.19,61,34,3.94,MX,1687894619
187,kerikeri,-35.2268,173.9474,282.11,94,14,2.35,NZ,1687894664
188,rada tilly,-45.9333,-67.5333,280.42,70,0,2.06,AR,1687894664
189,nhlangano,-27.1167,31.2,282.4,67,0,0.07,SZ,1687894665
190,barcelos,41.5388,-8.6151,297.23,65,1,2.8,PT,1687894594
191,ola,59.5833,151.2833,284.4,90,82,0.22,RU,1687894665
192,jertih,5.7336,102.4897,298.12,91,64,1.53,MY,1687894666
193,george town,5.4112,100.3354,300.11,87,20,0.0,MY,1687894522
194,abashiri,44.0213,144.2697,290.62,93,100,4.92,JP,1687894666
195,port alfred,-33.5906,26.891,289.36,82,100,3.13,ZA,1687894667
196,lerik,38.7726,48.4128,290.55,60,0,1.53,AZ,1687894667
197,dowa,-13.654,33.9375,285.12,53,0,1.0,MW,1687894667
198,quibala,-10.7337,14.98,288.23,76,0,1.16,AO,1687894668
199,navirai,-23.065,-54.1906,295.96,60,0,1.82,BR,1687894668
200,dryden,49.7833,-92.7503,295.31,53,75,2.57,CA,1687894562
201,las palmas,28.4204,-14.0131,299.59,61,20,6.17,ES,1687894668
202,mil'kovo,55.6078,37.7956,289.37,86,100,0.92,RU,1687894669
203,tosontsengel,48.7567,98.2839,277.0,60,2,0.28,MN,1687894669
204,saipan,15.1355,145.701,300.73,100,40,3.6,MP,1687894669
205,imbituba,-28.24,-48.6703,292.99,77,5,1.1,BR,1687894670
206,acapulco de juarez,16.8634,-99.8901,305.05,66,20,2.57,MX,1687894670
207,hoemul-li,41.4339,129.67,292.53,86,91,1.86,KP,1687894670
208,codrington,-38.2667,141.9667,280.27,93,56,2.88,AU,1687894671
209,sarmiento,-45.5882,-69.07,280.08,59,76,1.33,AR,1687894671
210,waingapu,-9.6567,120.2641,297.6,84,11,1.81,ID,1687894672
211,invercargill,-46.4,168.35,283.5,97,100,2.86,NZ,1687894672
212,santa cruz,-17.8,-63.1667,300.18,69,75,6.69,BO,1687894672
213,talcahuano,-36.7167,-73.1167,287.97,63,40,3.6,CL,1687894673
214,olinda,-8.0089,-34.8553,300.0,78,40,6.17,BR,1687894673
215,tiquipaya,-17.3382,-66.2189,298.55,10,0,1.34,BO,1687894673
216,sanya,18.2431,109.505,301.24,89,20,2.0,CN,1687894674
217,shanhaiguan,39.9988,119.7564,295.15,75,100,1.43,CN,1687894674
218,vilyuchinsk,52.9306,158.4028,287.3,83,100,0.9,RU,1687894675
219,sisimiut,66.9395,-53.6735,277.79,85,100,7.68,GL,1687894675
220,lerwick,60.1545,-1.1494,287.15,90,94,8.49,GB,1687894675
221,zaragoza,41.6561,-0.8773,300.4,50,0,9.26,ES,1687894676
222,buea,4.1527,9.241,292.6,96,100,1.15,CM,1687894676
223,gislaved,57.3044,13.5408,289.59,94,10,0.76,SE,1687894676
224,price,39.5994,-110.8107,299.88,11,0,5.66,US,1687894677
225,san patricio,28.017,-97.5169,312.55,39,4,7.89,US,1687894677
226,remire-montjoly,4.9167,-52.2667,299.17,89,75,1.03,GF,1687894677
227,wailua homesteads,22.0669,-159.378,300.59,72,20,6.69,US,1687894677
228,port lincoln,-34.7333,135.8667,283.8,84,10,3.86,AU,1687894678
229,kolonia,50.9333,6.95,294.42,55,100,1.45,DE,1687894643
230,ts'alenjikha,42.6044,42.0682,292.05,96,60,0.35,GE,1687894678
231,dapa,9.7594,126.0531,300.92,77,93,1.84,PH,1687894679
232,tomatlan,19.9333,-105.25,310.79,37,46,4.71,MX,1687894679
233,jaru,-10.4389,-62.4664,304.2,53,0,1.2,BR,1687894679
234,moyynkum,44.2914,72.9469,296.45,23,0,4.05,KZ,1687894679
235,isola della scala,45.2722,11.009,300.4,44,40,6.69,IT,1687894680
236,coquimbo,-29.9533,-71.3436,292.0,59,0,5.66,CL,1687894654
237,hanzhong,33.0728,107.0303,295.44,97,100,1.0,CN,1687894680
238,st. john's,47.5649,-52.7093,289.7,79,75,7.72,CA,1687894575
239,conduaga,8.862,117.4893,299.34,86,100,1.75,PH,1687894681
240,monywa,22.1167,95.1333,302.03,66,13,4.46,MM,1687894686
241,queenstown,-31.8976,26.8753,283.34,86,99,3.03,ZA,1687894687
242,saldanha,-33.0117,17.9442,284.18,88,100,4.52,ZA,1687894687
243,taoudenni,22.6783,-3.9836,313.25,13,27,3.48,ML,1687894687
244,bilibino,68.0546,166.4372,280.6,67,99,1.87,RU,1687894688
245,chibougamau,49.9168,-74.3659,290.94,94,100,3.09,CA,1687894688
246,hinton,53.4001,-117.5857,296.03,40,89,2.37,CA,1687894688
247,mandali,33.7499,45.5541,305.76,14,0,4.1,IQ,1687894689
248,holualoa,19.6228,-155.9522,299.01,78,20,2.68,US,1687894689
249,mahibadhoo,3.7833,72.9667,301.23,76,97,4.07,MV,1687894689
250,moose jaw,50.4001,-105.5344,300.3,29,75,3.09,CA,1687894689
251,cabedelo,-6.9811,-34.8339,301.52,83,6,5.89,BR,1687894690
252,berryville,36.3648,-93.568,302.28,29,100,2.22,US,1687894690
253,kwang binh,17.4833,106.6,299.76,88,92,1.41,VN,1687894690
254,kingston,17.997,-76.7936,303.68,74,75,7.2,JM,1687894662
255,brisas de zicatela,15.8369,-97.0419,305.44,55,40,4.63,MX,1687894691
256,khalis,33.82,44.5264,306.39,15,0,5.06,IQ,1687894691
257,patong,7.8961,98.2966,302.05,99,98,5.53,TH,1687894691
258,aykhal,66.0,111.5,287.95,47,98,2.58,RU,1687894691
259,gizo,-8.103,156.8419,299.85,84,100,6.14,SB,1687894692
260,khovd,48.0056,91.6419,287.37,34,89,1.55,MN,1687894692
261,sparta,43.9441,-90.8129,301.74,46,20,0.0,US,1687894448
262,rivera,-30.9053,-55.5508,294.98,70,100,4.97,UY,1687894692
263,auch,43.65,0.5833,295.62,99,100,1.7,FR,1687894693
264,ambodifotatra,-16.9833,49.85,296.22,60,91,4.31,MG,1687894693
265,flying fish cove,-10.4217,105.6791,297.97,78,75,5.14,CX,1687894693
266,mount isa,-20.7333,139.5,285.02,76,8,1.03,AU,1687894693
267,okhotsk,59.3833,143.3,285.61,90,99,2.2,RU,1687894693
268,selkirk,50.1436,-96.8845,300.98,46,96,4.16,CA,1687894694
269,monrovia,6.3005,-10.7969,297.02,74,100,6.02,LR,1687894566
270,gamba,-2.65,10.0,295.5,89,64,2.91,GA,1687894694
271,neryungri,56.6709,124.6491,288.38,80,75,1.83,RU,1687894694
272,longyearbyen,78.2186,15.6401,280.06,93,100,0.0,SJ,1687894695
273,le port,-20.9373,55.2919,295.15,78,50,3.82,RE,1687894695
274,la'ie,21.6477,-157.9253,301.13,72,29,6.26,US,1687894695
275,gorontalo,0.5412,123.0595,296.86,95,13,1.0,ID,1687894695
276,segou,13.4317,-6.2157,308.31,34,89,2.43,ML,1687894697
277,acarau,-2.8856,-40.12,300.51,73,41,5.96,BR,1687894697
278,maragogi,-9.0122,-35.2225,297.87,85,40,4.39,BR,1687894697
279,turbiv,49.3479,28.7212,288.5,93,100,5.27,UA,1687894697
280,nova vicosa,-17.8919,-39.3719,296.53,77,10,2.63,BR,1687894698
281,bignay uno,13.8628,121.4894,298.72,90,100,1.04,PH,1687894698
282,arauca,7.0847,-70.7591,302.15,79,40,1.54,CO,1687894698
283,rio grande,-32.035,-52.0986,290.21,96,100,4.03,BR,1687894699
284,wewak,-3.5534,143.6268,299.62,83,54,4.48,PG,1687894699
285,tamazula de gordiano,19.6333,-103.25,301.73,33,59,3.15,MX,1687894699
286,farasan,16.7022,42.1183,304.43,78,100,2.87,SA,1687894699
287,santiago,-33.4569,-70.6483,286.83,66,75,1.54,CL,1687894253
288,solnechnyy,50.7214,136.6319,290.6,82,98,1.39,RU,1687894700
289,bela,25.9333,81.9833,303.57,65,84,7.3,IN,1687894700
290,usogorsk,63.4106,48.6872,285.87,94,96,1.08,RU,1687894700
291,geraldton,-28.7667,114.6,280.38,81,0,3.6,AU,1687894532
292,kingscliff,-28.2667,153.5667,287.04,72,100,2.57,AU,1687894701
293,freeport,40.6576,-73.5832,300.11,75,40,6.69,US,1687894701
294,ilulissat,69.2167,-51.1,280.16,70,100,1.54,GL,1687894701
295,ishigaki,24.3448,124.1572,301.22,94,75,4.63,JP,1687894702
296,fort bragg,35.139,-79.006,305.23,45,20,3.6,US,1687894605
297,palu,-0.8917,119.8707,297.02,96,31,1.19,ID,1687894702
298,kailua-kona,19.6406,-155.9956,301.08,78,20,2.68,US,1687894702
299,buala,-8.145,159.5921,299.29,86,97,3.81,SB,1687894702
300,sonqor,34.7837,47.6004,293.36,22,0,0.68,IR,1687894703
301,ormara,25.2088,64.6357,302.48,86,99,4.68,PK,1687894703
302,balqash,46.8481,74.995,292.66,37,6,5.41,KZ,1687894703
303,mili,6.0815,171.735,300.58,84,100,7.36,MH,1687894704
304,amungan,15.3652,119.9582,300.47,81,99,1.33,PH,1687894704
305,san luis de la loma,17.2706,-100.8939,305.56,58,45,5.57,MX,1687894704
306,sola,-13.8833,167.55,297.82,76,91,7.38,VU,1687894704
307,chandbali,20.7833,86.7667,301.89,75,98,5.96,IN,1687894704
308,bredasdorp,-34.5322,20.0403,285.3,97,100,1.7,ZA,1687894705
309,kone,-21.0595,164.8658,290.09,81,9,1.57,NC,1687894705
310,kerimaki,61.9167,29.2833,292.12,68,0,1.54,FI,1687894705
311,velez,6.0134,-73.6735,291.33,86,95,1.27,CO,1687894706
312,yangambi,0.8102,24.4336,294.86,91,8,0.79,CD,1687894706
313,nungua,5.6011,-0.0771,299.38,73,20,7.2,GH,1687894706
314,carnarvon,-24.8667,113.6333,285.71,61,0,8.48,AU,1687894706
315,constitucion,-35.3333,-72.4167,286.7,64,2,5.01,CL,1687894643
316,kinchil,20.9167,-89.95,309.19,36,16,4.0,MX,1687894707
317,afaahiti,-17.75,-149.2833,301.08,78,35,10.41,PF,1687894707
318,nar'yan-mar,67.6713,53.087,279.78,92,100,3.71,RU,1687894707
319,autun,46.95,4.3,288.7,69,32,1.54,FR,1687894707
320,akjoujt,19.6969,-14.4164,311.88,7,7,5.92,MR,1687894707
321,horta,38.5333,-28.6333,295.95,83,20,9.83,PT,1687894708
322,puerto carreno,6.189,-67.4859,303.14,70,40,2.57,CO,1687894708
323,caldas novas,-17.7417,-48.625,299.23,34,0,1.41,BR,1687894708
324,lively,46.4334,-81.1498,287.6,84,100,5.66,CA,1687894708
325,selfoss,63.9331,-20.9971,282.62,80,100,7.93,IS,1687894709
326,vanino,49.0869,140.2543,287.22,100,100,1.23,RU,1687894709
327,uaua,-9.8414,-39.4817,298.56,58,91,6.41,BR,1687894709
328,puerto san jose,13.9256,-90.8244,301.8,75,100,5.99,GT,1687894709
329,zheleznogorsk,52.331,35.3711,286.59,99,100,1.74,RU,1687894710
330,ghadamis,30.1337,9.5007,304.72,19,0,7.92,LY,1687894710
331,whitehorse,60.7161,-135.0538,292.58,42,75,3.09,CA,1687894710
332,udachny,66.4167,112.4,288.4,44,73,2.55,RU,1687894710
333,saint croix,17.7397,-64.7388,304.4,66,0,7.72,VI,1687894711
334,harstad,68.799,16.5293,293.81,76,0,1.41,NO,1687894711
335,andalgala,-27.5819,-66.3165,297.8,25,2,2.76,AR,1687894711
336,naze,28.3667,129.4833,297.66,85,100,4.73,JP,1687894711
337,tual,-5.6667,132.75,300.49,83,92,7.27,ID,1687894711
338,watseka,40.7762,-87.7364,298.69,56,36,4.06,US,1687894712
339,malpica,43.3228,-8.8105,296.24,73,42,7.46,ES,1687894712
340,sur,22.5667,59.5289,303.25,70,100,4.83,OM,1687894712
341,sao vicente,-23.9631,-46.3919,303.25,42,0,3.09,BR,1687894712
342,porteirinha,-15.7433,-43.0283,300.5,25,0,3.14,BR,1687894713
343,tura,25.5198,90.2201,296.42,96,99,2.74,IN,1687894713
344,tabou,4.423,-7.3528,297.46,73,67,3.34,CI,1687894713
345,funafuti,-8.5243,179.1942,302.15,89,75,3.09,TV,1687894595
346,sambava,-14.2667,50.1667,292.7,78,2,5.18,MG,1687894714
347,manokwari,-0.8667,134.0833,299.73,76,72,2.99,ID,1687894714
348,filadelfia,39.9523,-75.1638,302.25,68,75,2.57,US,1687894628
349,belmonte,-15.8631,-38.8828,296.66,76,1,2.82,BR,1687894714
350,palikir - national government center,6.9248,158.1611,300.33,78,100,5.8,FM,1687894715
351,salinas,36.6777,-121.6555,292.57,72,100,5.14,US,1687894715
352,uttaradit,17.6667,100.5,295.16,99,100,0.48,TH,1687894506
353,peniche,39.3558,-9.3811,294.32,87,0,8.12,PT,1687894715
354,mermoz boabab,14.7065,-17.4758,301.46,74,75,4.12,SN,1687894716
355,panji,-7.7253,114.0995,296.73,79,25,2.76,ID,1687894716
356,pemangkat,1.1667,108.9667,299.09,80,46,3.09,ID,1687894716
357,swakopmund,-22.6833,14.5333,287.03,89,0,0.45,NA,1687894716
358,uturoa,-16.7333,-151.4333,300.02,71,1,10.34,PF,1687894717
359,masterton,-40.9597,175.6575,279.75,98,100,1.19,NZ,1687894717
360,hilo,19.7297,-155.09,297.18,97,100,2.68,US,1687894717
361,marka,1.7159,44.7717,297.8,85,4,6.11,SO,1687894717
362,kisangani,0.5167,25.2,295.68,83,21,1.08,CD,1687894718
363,riachao das neves,-11.7461,-44.91,303.12,28,11,3.02,BR,1687894718
364,nema,57.5067,50.5011,286.46,83,12,0.84,RU,1687894718
365,mul,20.0667,79.6667,297.42,95,100,3.49,IN,1687894718
366,kimbe,-5.5502,150.1429,295.68,88,56,2.72,PG,1687894719
367,polovinnoye,54.7914,65.9864,283.63,81,35,5.15,RU,1687894719
368,mount gambier,-37.8333,140.7667,280.54,93,100,1.63,AU,1687894720
369,ceeldheer,3.8488,47.1806,297.99,83,100,7.13,SO,1687894720
370,sao joao da barra,-21.6403,-41.0511,299.2,81,0,6.95,BR,1687894504
371,sao felix do xingu,-6.6447,-51.995,304.69,38,2,1.63,BR,1687894721
372,poronaysk,49.2167,143.1167,288.93,95,100,0.38,RU,1687894722
373,pavlovka,52.6897,47.1405,287.09,65,73,2.47,RU,1687894722
374,colon,9.3592,-79.9014,304.79,65,80,26.82,PA,1687894482
375,east grand forks,47.93,-97.0245,301.17,55,75,6.69,US,1687894722
376,nemuro,43.3236,145.575,287.13,99,100,8.48,JP,1687894723
377,huai khot,15.2909,99.6166,300.95,85,96,0.74,TH,1687894723
378,toguchin,55.2353,84.3858,288.07,95,100,3.3,RU,1687894723
379,isangel,-19.55,169.2667,294.85,65,38,4.08,VU,1687894724
380,bubaque,11.2833,-15.8333,299.69,76,100,3.51,GW,1687894724
381,mezhdurechenskiy,59.6,65.9333,286.04,67,76,1.97,RU,1687894724
382,pires do rio,-17.2997,-48.2794,298.85,35,0,1.92,BR,1687894724
383,linxia chengguanzhen,35.6003,103.2064,287.3,75,100,1.26,CN,1687894725
384,port isabel,26.0734,-97.2086,310.2,47,20,7.2,US,1687894725
385,marovoay,-16.1,46.6333,292.1,51,39,0.8,MG,1687894725
386,orapa,-21.2833,25.3667,289.51,29,0,4.24,BW,1687894725
387,okulovka,58.4008,33.2908,289.59,67,100,1.79,RU,1687894726
388,limon,10.0,-83.0333,304.29,74,0,4.63,CR,1687894726
389,fort stockton,30.894,-102.8793,315.18,7,0,8.75,US,1687894726
390,isiro,2.7739,27.616,293.29,95,100,0.55,CD,1687894727
391,lillehammer,61.1146,10.4674,291.18,71,37,0.46,NO,1687894727
392,kiuruvesi,63.65,26.6167,287.63,91,81,1.72,FI,1687894727
393,ust'-ilimsk,58.0006,102.6619,283.19,93,100,1.73,RU,1687894728
394,yaren,-0.5472,166.916,300.35,78,100,2.34,NR,1687894728
395,san antonio de pale,-1.4014,5.6325,297.84,81,18,6.33,GQ,1687894728
396,sarandi del yi,-33.35,-55.6333,284.66,96,100,6.18,UY,1687894729
397,buka,40.8108,69.1986,296.55,24,0,2.17,UZ,1687894729
398,kavaratti,10.5669,72.642,300.34,75,100,5.16,IN,1687894729
399,belyy yar,53.6039,91.3903,285.09,87,0,1.0,RU,1687894729
400,al kharijah,25.4514,30.5464,304.11,19,0,3.03,EG,1687894730
401,port douglas,-16.4833,145.4667,295.99,81,93,4.28,AU,1687894730
402,vadso,70.0744,29.7487,283.64,87,75,4.63,NO,1687894730
403,zhaodong,46.0833,125.9833,293.27,98,100,1.49,CN,1687894731
404,camana,-16.6228,-72.7111,292.1,72,36,3.22,PE,1687894731
405,uruzgan,32.8333,66.0,296.36,15,0,0.82,AF,1687894731
406,coos bay,43.3665,-124.2179,294.99,77,100,3.6,US,1687894732
407,kerrville,30.0474,-99.1403,312.89,31,0,5.66,US,1687894625
408,arteche,12.2645,125.4048,298.15,91,100,2.06,PH,1687894732
409,carutapera,-1.195,-46.02,298.97,90,78,3.06,BR,1687894733
410,myeik,12.4333,98.6,299.42,86,74,0.49,MM,1687894733
411,ewo,-0.8725,14.8206,299.99,63,91,0.97,CG,1687894733
412,tyukhtet,56.5389,89.3011,286.05,65,68,4.65,RU,1687894734
413,castro,-24.7911,-50.0119,290.4,71,0,2.32,BR,1687894687
414,new norfolk,-42.7826,147.0587,279.87,93,81,1.37,AU,1687894735
415,tangalle,6.024,80.7911,299.25,81,100,4.97,LK,1687894735
416,yarmouth,41.7057,-70.2286,297.41,90,100,4.63,US,1687894735
417,arendal,58.4615,8.7725,292.04,81,2,0.62,NO,1687894736
418,arraial do cabo,-22.9661,-42.0278,299.13,69,0,6.17,BR,1687894736
419,rongelap,11.1635,166.8941,300.96,77,100,8.45,MH,1687894736
420,matadi,-5.8167,13.45,295.91,81,51,3.22,CD,1687894736
421,kristiansund,63.1115,7.732,288.18,82,75,3.09,NO,1687894737
422,khlung,12.4547,102.2214,298.43,91,100,0.85,TH,1687894737
423,north mankato,44.1733,-94.0339,303.14,57,20,2.57,US,1687894737
424,thunder bay,48.4001,-89.3168,296.1,60,20,3.6,CA,1687894542
425,inarajan village,13.2736,144.7484,300.23,96,99,5.12,GU,1687894738
426,brookings,44.3114,-96.7984,301.03,49,100,5.66,US,1687894738
427,suez,29.9737,32.5263,299.33,59,0,4.75,EG,1687894738
428,necochea,-38.5473,-58.7368,282.28,88,100,5.16,AR,1687894738
429,koryazhma,61.3143,47.1691,288.3,66,14,1.72,RU,1687894739
430,lorengau,-2.0226,147.2712,299.74,78,97,2.56,PG,1687894739
431,essaouira,31.5125,-9.77,301.87,57,1,2.06,MA,1687894600
432,mbanza kongo,-6.267,14.2401,293.68,78,23,1.89,AO,1687894740
433,tongchuanshi,35.0806,109.0897,294.13,90,100,1.15,CN,1687894740
434,malakal,9.5334,31.6605,297.97,78,97,0.94,SS,1687894740
435,chinchilla,-26.75,150.6333,286.72,34,100,2.7,AU,1687894741
436,levuka,50.1834,-105.4011,300.0,32,75,2.57,CA,1687894741
437,abepura,-2.6333,140.5833,297.6,83,20,0.0,ID,1687894741
438,cootamundra,-34.65,148.0333,279.79,98,100,0.44,AU,1687894745
439,happy valley-goose bay,53.3168,-60.3315,295.32,46,100,7.72,CA,1687894745
440,carlsbad,33.1581,-117.3506,303.34,67,0,5.66,US,1687894590
441,eaglehawk,-36.7333,144.25,280.13,65,100,1.08,AU,1687894747
442,pangody,65.85,74.4859,282.95,94,100,1.62,RU,1687894747
443,kayangel,8.0823,134.7173,301.89,72,100,2.31,PW,1687894748
444,parauna,-16.9478,-50.4486,300.71,27,1,1.86,BR,1687894590
445,divrigi,39.371,38.1137,292.41,70,0,2.4,TR,1687894748
446,porto novo,6.4965,2.6036,299.05,83,100,4.9,BJ,1687894749
447,lake munmorah,-33.1936,151.5719,284.68,73,100,2.78,AU,1687894749
448,camocim,-2.9022,-40.8411,301.53,70,71,5.99,BR,1687894750
449,bayganin,48.6947,55.8742,291.3,47,56,3.13,KZ,1687894750
450,ibiza,38.9088,1.433,300.49,85,20,2.57,ES,1687894595
451,ghanzi,-21.5667,21.7833,287.72,35,2,3.83,BW,1687894750
452,bandundu,-3.3167,17.3667,301.34,49,47,0.74,CD,1687894751
453,sungai penuh,-2.0833,101.3833,291.56,97,95,0.39,ID,1687894751
454,ha'il,27.5219,41.6907,307.16,12,0,4.12,SA,1687894751
455,namakkal,11.2213,78.1652,299.2,60,100,4.68,IN,1687894752
456,hoopstad,-27.8327,25.9083,288.58,29,99,5.63,ZA,1687894752
457,kendari,-3.945,122.4989,296.77,95,61,1.01,ID,1687894753
458,zheleznogorsk-ilimskiy,56.5768,104.1217,280.78,95,100,0.99,RU,1687894753
459,qala i naw,34.9874,63.1289,298.38,17,0,1.18,AF,1687894753
460,gariaband,20.635,82.0614,297.18,92,100,4.93,IN,1687894753
461,ursulo galvan,22.7333,-98.3,309.55,50,1,4.28,MX,1687894754
462,raja,8.4596,25.678,294.91,94,31,2.06,SS,1687894754
463,gbadolite,4.2833,21.0167,295.37,94,56,1.09,CD,1687894754
464,festus,38.2206,-90.396,305.96,43,37,2.57,US,1687894755
465,mbalmayo,3.5167,11.5,295.33,97,100,2.17,CM,1687894755
466,china,25.7,-99.2333,314.78,15,0,8.61,MX,1687894467
467,noosa heads,-26.3833,153.15,287.23,77,97,2.56,AU,1687894756
468,kongoussi,13.3258,-1.5347,308.22,34,99,1.97,BF,1687894756
469,nichinan,31.6,131.3667,298.97,94,80,2.15,JP,1687894756
470,panama city beach,30.1766,-85.8055,307.59,70,40,4.12,US,1687894687
471,crane,31.3974,-102.3501,315.37,6,0,10.61,US,1687894757
472,weno,7.4515,151.8468,300.12,89,100,2.57,FM,1687894757
473,warwick,41.7001,-71.4162,299.12,70,75,11.32,US,1687894758
474,kuching,1.55,110.3333,299.27,94,20,0.51,MY,1687894758
475,as sulayyil,20.4607,45.5779,308.29,9,1,4.48,SA,1687894758
476,egilsstadir,65.2653,-14.3948,283.1,81,75,5.14,IS,1687894759
477,lazaro cardenas,17.9583,-102.2,304.82,61,91,5.8,MX,1687894759
478,madimba,-10.4,40.3333,296.63,72,57,4.14,TZ,1687894759
479,lolodorf,3.2333,10.7333,294.34,100,98,0.83,CM,1687894760
480,santa isabel,-23.3156,-46.2214,298.99,58,0,2.02,BR,1687894760
481,san julian,21.0167,-102.1667,303.25,18,8,4.72,MX,1687894760
482,shakiso,5.75,38.9167,288.52,93,100,0.53,ET,1687894761
483,quesnel,52.9999,-122.5029,299.43,36,0,2.57,CA,1687894761
484,kenai,60.5544,-151.2583,283.76,96,100,4.63,US,1687894741
485,maputo,-25.9653,32.5892,292.16,88,0,3.09,MZ,1687894518
486,fengxiang,47.5833,130.8333,292.93,88,100,2.0,CN,1687894761
487,iquitos,-3.7481,-73.2472,302.17,79,40,2.06,PE,1687894762
488,kievka,50.2619,71.5514,285.77,87,100,9.15,KZ,1687894762
489,iquique,-20.2208,-70.1431,293.17,75,17,1.85,CL,1687894678
490,gunnison,38.7,-107.0673,296.62,15,1,10.1,US,1687894763
491,marco island,25.9363,-81.7157,307.06,54,0,3.09,US,1687894763
492,dalmatovo,56.26,62.9362,284.24,67,10,3.29,RU,1687894763
493,lethem,3.3803,-59.7968,303.26,66,52,1.0,GY,1687894764
494,gadzhiyevo,69.2551,33.3362,284.0,79,48,1.17,RU,1687894764
495,mazagao,-0.115,-51.2894,304.18,62,93,2.14,BR,1687894764
496,oranjemund,-28.55,16.4333,287.6,81,100,14.18,NA,1687894764
497,cooper's town,26.8667,-77.5167,301.32,78,2,4.97,BS,1687894765
498,barra de santo antonio,-9.4047,-35.5072,298.75,83,64,4.88,BR,1687894765
499,attnang-puchheim,48.0112,13.715,291.96,35,100,2.27,AT,1687894765
500,szczebrzeszyn,50.695,22.9795,287.24,64,100,3.58,PL,1687894766
501,cannonvale,-20.2833,148.7,293.81,90,83,1.89,AU,1687894766
502,pekanbaru,0.5333,101.45,296.33,94,75,1.54,ID,1687894766
503,kunnamkulam,10.65,76.0833,297.34,91,100,3.28,IN,1687894767
504,nadi,-17.8,177.4167,289.15,94,40,1.54,FJ,1687894767
505,belabo,4.9333,13.3,293.9,98,99,0.5,CM,1687894767
506,rafsanjan,30.4067,55.9939,304.78,13,4,5.18,IR,1687894768
507,avare,-23.0986,-48.9258,292.98,58,0,2.1,BR,1687894768
508,deqen,29.9618,90.7188,284.59,81,98,2.93,CN,1687894768
509,lishu,43.3047,124.3278,292.52,90,84,4.91,CN,1687894769
510,walvis bay,-22.9575,14.5053,287.09,94,0,0.51,NA,1687894769
511,paijan,-7.7333,-79.3022,296.72,64,24,6.21,PE,1687894769
512,lautoka,-17.6167,177.4667,289.07,94,40,1.54,FJ,1687894769
513,jayapura,-2.5333,140.7,297.81,91,96,2.34,ID,1687894770
514,road town,18.4167,-64.6167,304.2,70,40,3.6,VG,1687894480
515,aldinga beach,-35.2793,138.4604,283.52,85,100,1.36,AU,1687894771
516,pacific grove,36.6177,-121.9166,293.36,78,75,5.14,US,1687894771
517,grand falls-windsor,48.9332,-55.6649,291.76,62,87,0.89,CA,1687894771
518,taroudant,30.4703,-8.877,304.06,35,70,2.65,MA,1687894771
519,pimentel,-6.8367,-79.9342,299.31,61,75,7.72,PE,1687894772
520,port-vila,-17.7338,168.3219,286.93,94,40,1.03,VU,1687894772
521,fortuna,40.5982,-124.1573,287.96,94,100,3.6,US,1687894772
522,prince rupert,54.3161,-130.3201,292.2,85,0,4.12,CA,1687894772
523,flin flon,54.7682,-101.865,294.06,68,75,3.09,CA,1687894773
524,ebon,4.582,168.6964,298.93,91,100,10.78,MH,1687894773
525,zheleznodorozhnyy,55.7503,38.0042,289.38,83,100,0.39,RU,1687894773
526,dunedin,-45.8742,170.5036,283.6,96,100,3.58,NZ,1687894526
527,sheridan,44.8333,-106.9173,293.32,72,100,2.06,US,1687894773
528,petauke,-14.2426,31.3253,287.75,42,5,1.79,ZM,1687894774
529,fort st. john,56.2499,-120.8529,296.09,49,75,3.09,CA,1687894655
530,mata-utu,-13.2816,-176.1745,300.92,69,50,4.04,WF,1687894774
531,magistral'nyy,56.1725,107.4458,283.09,96,100,2.46,RU,1687894774
532,portales,34.1862,-103.3344,312.89,8,6,8.67,US,1687894775
533,uribia,11.7139,-72.266,307.02,46,23,8.05,CO,1687894775
534,hailar,49.2,119.7,288.97,86,0,3.48,CN,1687894775
535,rundu,-17.9333,19.7667,288.03,39,1,2.99,NA,1687894776
536,ingeniero guillermo n. juarez,-23.9,-61.85,306.4,25,0,7.1,AR,1687894776
537,boyolangu,-8.1181,111.8935,296.13,94,94,2.0,ID,1687894777
538,kursenai,55.985,22.9189,288.29,95,100,1.32,LT,1687894726
539,kudahuvadhoo,2.6708,72.8944,301.24,72,100,4.17,MV,1687894777
540,melekeok village,7.4957,134.6367,300.56,81,100,3.52,PW,1687894778
541,inhambane,-23.865,35.3833,291.14,94,0,0.0,MZ,1687894778
542,katsuura,35.1333,140.3,297.16,97,100,4.23,JP,1687894778
543,sumbawa besar,-8.5,117.4333,294.87,94,37,1.94,ID,1687894779
544,wanning,18.8003,110.3967,300.06,89,24,1.56,CN,1687894779
545,ondjiva,-17.0667,15.7333,284.74,48,6,2.4,AO,1687894779
546,traverse city,44.7631,-85.6206,294.73,64,100,4.63,US,1687894631
547,san juan de miraflores,-12.1629,-76.9635,297.13,69,60,4.13,PE,1687894780
548,ladybrand,-29.1945,27.4574,282.77,44,30,4.9,ZA,1687894780
549,natal,-5.795,-35.2094,302.27,61,20,6.69,BR,1687894605
550,kushiro,42.975,144.3747,288.02,99,100,4.02,JP,1687894781
551,richards bay,-28.783,32.0377,290.85,92,2,1.91,ZA,1687894782
552,evanston,42.0411,-87.6901,300.01,60,100,3.09,US,1687894514
553,tiassale,5.8983,-4.8283,295.77,88,49,1.56,CI,1687894782
554,ushtobe,45.2514,77.9838,296.1,36,58,2.2,KZ,1687894783
555,padang,-0.9492,100.3543,298.09,90,91,1.57,ID,1687894783
556,sinabang,2.4803,96.3801,299.53,83,99,1.19,ID,1687894783
557,douentza,14.9951,-2.9517,299.51,76,100,10.13,ML,1687894783
558,umm kaddadah,13.6017,26.6876,305.79,35,10,3.99,SD,1687894784
559,bougouni,11.417,-7.479,299.95,77,14,2.36,ML,1687894784
560,ayorou,14.7308,0.9174,303.65,49,100,9.31,NE,1687894784
